delta,mu,alpha,lambda_0,C_lambda,delta_S
0.01050645538900228,0.0261658452743465,0.4682068007551042,181.4512337894995,35.04673080029165,0.016883038741079572
0.015807667051491288,0.025877002066229827,0.15133167222559918,180.92107786805724,39.9989813632799,0.0018659693179735037
0.0011073341266803927,0.0004375241777203831,0.15104499794164955,60.390129487283936,19.457987208924067,0.002137787144056036
0.031864265883483775,0.014823593060433944,0.1977972263833962,195.77513768956123,49.57732191978252,0.01066826465809892
0.04590357704188067,0.040779948898479385,0.2832792422454849,53.675097406555,5.7238237775195335,0.023316302822561988
0.016817149657071578,0.04813515150678864,0.05685119897242141,191.22428122798365,25.6817831155144,0.03625303932946038
0.017871261925486156,0.03219180019791769,0.14458218158015185,161.56945081693397,15.656791699235285,0.01818831163321309
0.038430977985460545,0.027111160136621827,0.49629588667306324,129.69538092960133,49.277637443576715,0.03730671183650021
0.009598479439419806,0.020846623534312103,0.3681420270017649,68.05064639274784,43.58832416472079,0.025611142749371436
0.0385651788288505,0.012151076231364938,0.08603440654815385,146.01097785753637,8.25836051891087,0.01201793494379258
0.01581113467907318,0.004202943431990841,0.11023108655839715,139.87516412599328,22.69348777237702,0.019057395433436652
0.02245117902641426,0.01722970329174461,0.3026887026322175,177.1571829038228,38.08113131259164,0.00563544775330902
0.036248313886496526,0.04860741153977616,0.16662398037757264,185.25681541313836,37.68450615269973,0.024893405017751665
0.021905872523107897,0.022345577189291435,0.0937291752800386,290.053915716914,18.320586741046483,0.04947130503092134
0.037469690526970176,0.019943456783738652,0.47227566845552776,81.7889533985434,8.131691693625314,0.01545845898773775
0.03616998814299942,0.014289977647450741,0.32092524588418475,199.51093611209342,27.974336327061515,0.021844630594898162
0.014619880716796997,0.045414061032960834,0.23475833793293993,148.36184691508697,46.74283478380607,0.013241975880928958
0.02673921006491436,0.01732556382749171,0.4373729788572779,220.46011403311115,26.164775017866273,0.029009915888855226
0.016123300212734528,0.0022013821201978035,0.34961988951023154,267.02419462104604,19.710700516382396,0.017313322914684254
0.04091582353071738,0.0398954518311797,0.27114893746744645,213.16687407547576,23.46355057628395,0.04682268011579397
0.006271879297563749,0.0013472579658976302,0.14399516393141026,56.256212945517234,14.578022665935595,0.03862256044857212
0.030514425064113546,0.007584776796222137,0.3214892181313438,108.46628578915735,35.70731309824234,0.005410115757341178
0.047318614353953285,0.03320297424437216,0.05686935691094769,167.00002251283905,41.42421256694542,0.03754406804634762
0.04126399544482748,0.02778092562385531,0.08794350180594297,150.25843839688463,22.988081036980514,0.03807501666580954
0.01818767583368294,0.0035433206762798767,0.3850297748354031,261.2164210447371,17.183481520370407,0.006848155478576651
0.01751684247670161,0.016396305512087938,0.45044043927208705,62.947255462471745,23.256985123065988,0.011389083773929155
0.004483233974926976,0.006648093298552815,0.08236973639099486,270.70214042492876,14.561827450335821,0.0029204725093515353
0.0026070175806241825,0.0035160374156126884,0.37361606551767107,289.27198714959593,14.901883870761262,0.044871358332166884
0.005373661674374514,0.027593587427641883,0.13009085662306624,143.7118425537447,28.726437983570094,0.03947166115013602
0.01895611512749353,0.024682105415020934,0.16150311733498834,132.60205624861146,14.45177553664375,0.04526368349969401
0.011441104183886714,0.02389774778601324,0.47979453248311044,104.7463860707312,6.059118232485286,0.034776693337891795
0.01635900040041649,0.04698662738618892,0.34298509529498883,140.14373928856767,25.149343446980186,0.03048677852636148
0.005862887272240736,0.01889979486550017,0.1305818911716999,205.29461771569157,32.4909191255836,0.04161826880149845
0.020245844418082262,0.026124942400544006,0.3942020758913746,62.53723637668993,23.769209573624316,0.029958137500511836
0.03272304591598262,0.018751989059515833,0.3977814057413919,222.97030935541227,15.12741550850039,0.043335970358403114
0.03970259207347717,0.006195174286506417,0.3699979214893929,255.2722414006292,37.507894142831,0.03919984702207818
0.03734762507680299,0.04439171693839061,0.3610725424464312,168.41531912111776,18.983025026102254,0.026393382725684523
0.03929740015360133,0.01278971450889076,0.17638119221613052,201.5418722973852,47.45271333317812,0.04909599221732677
0.04731562503090155,0.02356750685804518,0.170895699253522,291.9432263736279,11.380865131077307,0.03552309420728897
0.012247019822381272,0.011209004540819129,0.4057211218242478,77.1098997590178,15.154888652899466,0.021583764797092855
0.03893030551679163,0.030968783453388278,0.4191863769220443,74.01617489665684,23.636234893352874,0.011053202712225069
0.018908805160366467,0.010438642983462577,0.30434491489560234,286.367131882506,35.62706952895341,0.00871515935455105
0.01353209495618457,0.04329374975950442,0.3218175010314406,176.92452733988495,14.302329621092424,0.02000638385633376
0.0032708347519896154,0.015248292786896184,0.19248470924307487,146.21701102411896,33.754096284556724,0.023071386995822247
0.03019330152677127,0.007757300714260784,0.06514877197643815,120.93887634469567,40.82259224332796,0.029507359714649947
0.018490332649497943,0.03216942327398507,0.2724481795052277,64.93950846168504,42.86481055876428,0.01610206187365793
0.045127977271813516,0.010567843365271402,0.1766356388071148,106.33532766540873,18.736498101382068,0.009900671569784171
0.00440828877971407,0.03729043602635518,0.3284322958793661,175.69860736677197,35.074536761801234,0.002484206680243245
0.0016521880874083906,0.03368798618805445,0.10963188119176037,109.66818670409455,25.66921668314466,0.0334987708492361
0.04510147260544749,0.0410018610203674,0.3127361151691022,175.77889176674444,48.89452642523796,0.028864662533715682
0.03297142702782771,0.023859216131047342,0.49235644428497827,122.88921020111621,33.37572522319334,0.029679489073565858
0.0448139823095126,0.0009159285414016339,0.4071630530432926,76.73883308949127,26.39597082041778,0.04265988298249282
0.01160514741202633,0.02775880587734624,0.062013972971708665,57.97399265033766,14.045944607917743,0.013804392792039911
0.042203197424828004,0.03912910538470975,0.19363566985853026,187.1104964488555,23.155798260854255,0.00021952288022178412
0.01715260463506319,0.011059882073107109,0.41760049675679517,68.72321661599796,41.85223949834355,0.014859385433215284
0.048920701653849374,0.02933664283089814,0.20187267047160867,245.2696246908329,19.143349167680807,0.03813352739032138
0.019875554414812282,9.249567523215153e-05,0.19772632915818722,198.84739089734782,6.138645884341846,0.0016588365399393956
0.004625734414476018,0.011020580416382104,0.3955382289237251,279.85501454987786,14.762223132390549,0.04346917307719531
0.03156791836864852,0.015710105206175617,0.2463261870702887,209.9851259467945,36.546113453063704,0.011733730877412564
0.03783072788531405,0.04552712677610146,0.48502889736366006,96.01582395810478,39.504259848714035,0.04384264770029868
0.023715335841365894,0.002723893162955177,0.4567442670540166,156.34873351205755,42.573225920476645,0.0160187608229882
0.01685531116541758,0.0019543042047186323,0.19030185848282455,146.37765448380844,16.81326602920288,0.011301890829035766
0.0036899843711913185,0.009083318024724108,0.06307766350402887,290.98586379849127,19.66777055088146,0.017293895826208827
0.04742840251867708,0.04565561700923648,0.4222551435633358,194.6564763150295,8.703334160746802,0.032631800358696436
0.0031676720102026545,0.03512085971092649,0.2591940837052966,207.84665195396835,39.229430175217466,0.015653908710076114
0.02264441034917214,0.02966388596932369,0.23470422296467153,127.61334859078231,48.18977442364122,0.048693721049442716
0.04646741528321398,0.014862903162807362,0.18622545640560073,227.4964883696362,46.564687224595176,0.034833034776646225
0.02086383568374092,0.01510633201163541,0.15942431407316587,61.82510855138336,30.84662926117442,0.002802950728632753
0.035113101838517936,0.0006647597836388797,0.4240873461776331,175.0048137978727,5.301586394115513,0.018431632027709872
0.040392690067389284,0.03025656729950483,0.31156828089935895,116.37600066157121,28.635180039290393,0.005575530187280109
0.01053350347939584,0.0351931537097494,0.4511482559337555,55.90431405621128,5.066376139354801,0.023647456687208513
0.005957989244669654,0.027816619962141978,0.07859031191127507,255.73010272971538,41.29102108878288,0.004586333477151983
0.00982720964182487,0.0091710149869211,0.23137011578107913,148.10937080634372,40.259148285649246,0.04085270155938682
0.0308541502819121,0.026871981407278867,0.4853292869905102,257.2935154616183,11.018870044398193,0.012363732772385207
0.00460126295756248,0.002388057628097212,0.3915089144832678,108.58843288157595,18.920550519938846,0.019889542349784073
0.018940723867049744,0.01877150149726883,0.27628064236515654,80.15833591326053,49.24245971149978,0.02242156887768265
0.014390391607577303,0.017287668429315197,0.13746131337119288,139.81312155219504,26.31120031274028,0.01559816850455284
0.016100056775538857,0.049137907350382926,0.20958069514985544,219.2171043161375,38.14473694862159,0.022461093452256053
0.03192583714618613,0.042960988448081446,0.47047235116622715,296.01371748174586,37.66487629917878,0.005832672289993158
0.01060161335677251,0.024678919325732074,0.3677924302310887,268.2725179116674,34.39914625670193,0.017673840845594254
0.044048183738588695,0.018041674758665804,0.2706075291024593,107.69759456083395,17.713839801959573,0.03403464621200936
0.021211341587055055,0.0030083064895593038,0.3150786462379778,275.9351910836252,35.05000108668918,0.016647328850917863
0.03780664126790239,0.020460745570824473,0.3756434871749608,83.17454479663861,13.048423749110203,0.00037339052362822533
0.03200001389654225,0.019009502897072462,0.34825852235338467,137.79323219596256,24.066113266117814,0.027601284580789667
0.017029779952214635,0.027651278187817777,0.12255423119458243,130.94554741393011,40.92175997424663,0.010522369921476638
0.04893614484659096,0.027865687854244037,0.13771879558137115,74.05253377590391,14.178934131969022,0.002968805463511182
0.03373472099106716,0.004428610081151768,0.07225333130037874,252.96725582597543,28.711850771146732,0.013728724669911346
0.039049009032099694,0.026628259834659475,0.24008086779516735,189.99011498630975,12.590993651617625,0.011150466575789575
0.00368915758175159,0.045727949023866926,0.31161488788478703,126.7697843390603,18.10526307550481,0.029170883002058404
0.044551056685388724,0.032900095926724535,0.24064301541126815,242.83989876341803,27.376573929296626,0.042587884905991816
0.023520585489195618,0.03344806653983108,0.12533394737983136,173.48987996774275,23.206086967661548,0.018521365274679603
0.04282072911032895,0.01726106481403075,0.14092362716789106,170.71013222269465,16.1466491433378,0.044938455247077624
0.02023969082752887,0.04951691204697734,0.323079125595663,149.85219236320972,32.07647600988745,0.012546669214076628
0.04643425719490509,0.04941432274666212,0.12946155893474223,119.36636310408927,47.41673585546109,0.04014768745194716
0.027779002540573784,0.01772621027981276,0.13569186732219315,124.36226411440904,34.09757674716474,0.02393123614291099
0.02824854134282269,0.007689837896487861,0.2958615379888517,141.12063321146368,33.74823066167693,0.002539772855489847
0.04501104388350911,0.005019707177651806,0.468801897317568,75.51794350293204,29.55621896740901,0.019902843560074795
0.039593237016389754,0.040407234221202744,0.08787999992103952,59.14257802397214,20.80244515008784,0.043438180890912156
0.0067942994828264274,0.03939470691996254,0.46637671190554153,62.119973768370734,37.15917509830127,0.018403565891702674
0.008587524240916073,0.0220918362712423,0.4859141625437816,222.10987703980166,5.835705871381525,0.026892527046066806
0.04856576268276206,0.02439146834876791,0.12069129385056551,89.13033578869317,30.559111235877843,0.015342826952026474
0.03281859371670612,0.02724645756315727,0.4884194686119079,291.09832211820765,8.382069334238619,0.015645108984574135
0.03160359254709461,0.0478921065017389,0.3854874613265554,286.93744297568617,43.92616708833758,0.006503117948409687
0.02121944741291026,0.0009340010969148383,0.2335817094393608,229.17038397277844,25.063797571878307,0.04950934756906654
0.03344726138037548,0.028427299342107765,0.41328675747311105,267.47691484207326,43.165178818599,0.03609700457798092
0.015929766583027277,0.015746246107947375,0.22095751352418697,201.84095360735193,26.018806884280163,0.023036867211082657
0.009318332450982897,0.033503009154260785,0.15402229381172966,182.4744451638196,25.922531309482725,0.037982842270980685
0.026025370533292538,0.040144815947644186,0.4974813767519977,277.7618174198664,47.01334865341057,0.016741862806972912
0.024698133716528528,0.03509683420104709,0.1493991157084241,83.02164078194969,45.90683726409453,0.03181790953144931
0.007827078298716816,0.043253197749854755,0.2824724504849813,224.4822424464113,25.88752856820415,0.02502395484156681
0.04328983427628741,0.031938636503912925,0.34423849740591944,99.07995781053785,33.21967542826438,0.004389702532559503
0.003957816773963163,0.033012675632413106,0.4116542841391905,85.79610305250151,23.189722076027053,0.03815465479599764
0.042722434795078264,0.03259598802061256,0.36095810720085814,221.28949092269318,27.99009807618765,0.012791611403431902
0.019808425842644868,0.012408769295573115,0.46377917781443506,289.19069599120684,13.904322520992206,0.01727660174537901
0.0358638953241815,0.049937828373196845,0.22010032812812197,253.6114055548262,20.442835988040756,0.020369458974304824
0.028807859872204064,0.00637060902149319,0.33630231518627757,194.33450641231528,12.796795884157532,0.015538095918368128
0.0192536715896975,0.0067509977170038486,0.2647013951986747,289.2561141957829,8.663274288019018,0.012437740573116501
0.031711027181366425,0.002473287881105979,0.09367005324371676,216.76607806216552,25.651845324381277,0.03724505740885854
0.04343053386877912,0.04843685351437858,0.33687738570393366,62.13039998547355,21.05692295226765,0.017319504282957306
0.03421220241831487,0.0032983944220984773,0.1659793790521872,187.55164368994642,6.483550912966045,0.020384399595590436
0.011489665466152755,0.04713063306777721,0.20585514645296726,278.3881728613136,15.104605816882335,0.04857681757149306
0.016586381995056843,0.035345467461576574,0.37537219485607876,216.1036190491679,5.022330645775593,0.041367695631105705
0.04248381237914672,0.011642417096031855,0.3143401169902023,136.82459746386854,30.310602855698185,0.001398014807514364
0.04862664424865036,0.023994988338484326,0.41008402890773304,191.9929838915408,35.511743421114446,0.004157787066651664
0.04035371006918012,0.024706745598234166,0.18762676595733752,99.62509830556274,44.101365532393004,0.016120082831092387
0.03884713951567124,0.009678494757797834,0.23184294661685856,74.50115236235442,12.886567196669137,0.024723365183776786
0.039763238855334955,0.03871145394785325,0.3858600989995489,235.6874131299262,11.512983645630992,0.01577197222561505
0.026146038633577867,0.017877449404047157,0.35704330510375704,239.26052824605028,27.87387595335813,0.04960310477272584
0.02573739270942877,0.030407789504938904,0.07214540463691148,100.66157735980633,26.76078812802555,0.03297419727561061
0.0053742420234669745,0.00883204677590912,0.17727445560184585,188.76687877856074,48.473635502375366,0.03644501662043137
0.036765590968076134,0.01285817175776226,0.2097545729458733,217.8604954101748,10.47155205704277,0.02187886240821793
0.02601452211822248,0.02448158517811478,0.06524897621162251,55.35734373843008,14.83007702707167,0.0009416523317014648
0.03679051975484234,0.023631769363914115,0.1599339884666383,289.0690787765485,41.5930415772777,0.004014288373562442
0.007227432465723527,0.024758067745255692,0.13901362561252534,268.8871144572726,24.400609440246875,0.03944028996049386
0.023468843396242424,0.015781515708935767,0.23722411016288847,211.87780049774733,5.853766237953864,0.03156424710224772
0.011464509128961166,0.04284066566691762,0.07991379581262018,257.459020141373,28.989879619685638,0.03612895003227848
0.002744332735690941,0.03365089911313418,0.42148709533088,172.43424642693702,17.50306296800791,0.01666803541567336
0.03677402952631681,0.01224187130457074,0.09777476783817272,145.13555928202385,39.9382527905578,0.04399882522341105
0.029708782472580703,0.02690477332683382,0.3048130579051276,209.65124477584823,36.655050407122715,0.02385834842594879
0.009992689918341374,0.01984944993207796,0.25745010286403136,250.97622943563908,9.914816060614402,0.035276387216977644
0.00033060225816919364,0.006857755975132613,0.41191024144159805,283.08325111873944,32.58635392169495,0.0024838271045961704
0.035751415222322204,0.042739680844647056,0.3164712247877085,113.42391280860296,29.329690462349486,0.0206835141643746
0.008954594193123827,0.008259175198410225,0.21338552490749363,219.6974748044917,30.27154072920388,0.04868479558222398
0.018031307566113052,0.0032667121363433582,0.404157444965003,132.05607612036357,41.040537368215944,0.002214043772499025
0.03884010444441635,0.04831449645416814,0.48973761951688427,260.0963239477347,11.92954700908831,0.045945427395488236
0.04150325015092972,0.04648760834713801,0.06328886082427938,107.44161130699099,14.930532250464323,0.04033232373874989
0.028223483787097783,0.0037946307742474095,0.4234621159356316,104.8803224284803,26.975178532529622,0.017237655782491684
0.006399137557533369,0.027584831391632265,0.1173346792264656,132.4438868569515,6.54489732996679,0.008956291343894219
0.009665455103343013,0.012064856243784212,0.21990388361487462,296.65075197183876,44.75545085515229,0.037586046133213424
0.022213523263503388,0.003462492177683002,0.3185263970483376,288.10798403697027,22.830549279608935,0.048631302684854716
0.023953598976387727,0.028686280628663748,0.15675533655119633,247.82803622115566,5.523987911605375,0.022842188392972907
0.04834829069514179,0.023801534961630302,0.27493865777267923,273.6328145157112,24.557185872998204,0.020948595688291168
0.04684495591045925,0.0204067739857495,0.15804350492146768,129.94727135712378,21.502511418239866,0.03478466098574028
0.010769828189343002,0.01595263125842702,0.06313255784246462,100.00718697419123,37.77922795436811,0.04958538977460011
0.02380574820984583,0.025099198676608293,0.1132603869498745,213.18165672931508,29.14197165210121,0.004085612267807598
0.023247673882175086,0.0018223746037591805,0.3221555400465429,282.60819282797127,39.47936500728119,0.020329115418892065
0.01390301975528776,0.02375559212349611,0.2418475080035729,127.64594125270108,19.753687627952566,0.01821166227769527
0.029805441779917247,0.006167827548422167,0.0824519114785483,227.6497182079774,49.487343098918466,0.028845166730828865
0.04676998685646488,0.04985565123195775,0.27647207023971504,241.79144293586162,12.066620367612774,0.032025025970863714
0.03281908786029008,0.005891255529650242,0.3035757751826115,237.42765488504563,25.393796283850637,0.01975364195178113
0.026651243505284167,0.005103415584913163,0.43386278939559025,70.57977744964862,18.39518257438084,0.0079254134764359
0.037457306933750684,0.042318472030646266,0.2297086777693454,213.0676327769785,18.39588989297181,0.009790061492667358
0.03160244174347112,0.018419438665997018,0.44051502202227055,245.65861183508187,15.988594518430153,0.015926974413214553
0.009783580225495293,0.021864811707616328,0.3611223137269736,290.16195472471713,34.619459129204415,0.04795023313506926
0.03065209010405631,0.011065484084910832,0.13198209134574906,79.3724919315226,24.531935368891286,0.0143842231244391
0.007607242465508446,0.030452932370208158,0.19197828448576715,286.6777336636004,39.12808053235581,0.01188155489637907
0.01673232202960313,0.0027538182158806826,0.11697771724743813,259.3759566636049,47.38124811239214,0.02636580473379003
0.03766167355107765,0.011215656827865478,0.30910170010938004,103.18866018072558,39.307390232508986,0.044204107519132174
0.0001272744841299245,0.003705508832581833,0.1259476219906805,294.72975149614535,16.24327807628939,0.04522432737672949
0.04384675748316798,0.041802162721927535,0.46822623484982107,284.5434604223219,13.491283743097714,0.010403990640059986
0.033816864238583724,0.04061049216050418,0.18481666961872872,52.2318947339619,38.697251956699844,0.00232534235621612
0.011889563703620265,0.029553133448495136,0.26175812433658663,216.66989623899732,36.83954285209323,0.04429902083935047
0.011362012443334547,0.012481542204125375,0.38878855125675865,132.79055431030255,21.031823662645234,0.017827890149504495
0.034412565934484184,0.016060141098773163,0.251692414151835,246.84326442674282,45.64626108843758,0.017423223134808898
0.039561504401649294,0.008323927287033723,0.24651920524312726,259.3049201033409,38.41386363078755,0.01805168818550455
0.021304272294576234,0.012853815828553423,0.31793190814795935,101.422461043997,6.965696359217917,0.015476257378028125
0.041813819095396464,0.004439926687837481,0.37517334260439017,208.4144176071587,5.893801498418939,0.02982718324576582
0.02296962126363057,0.03930058714268758,0.4308342504857065,221.31066989262868,11.850363939987114,0.02967442539896549
0.018604878403449498,0.019528504297222433,0.4859941135889807,208.1268252679512,14.603676452791444,0.03734588408883667
0.024257628525355623,0.045085108958521636,0.3507204854229184,127.58078558308573,33.940066076572705,0.026970152704370573
0.006026819476423201,0.02650055860760811,0.11971639296365996,52.82413448214322,11.139453381925028,0.01695600707100984
0.03278324090927472,0.014689060789596087,0.47078996144354973,176.56958113266063,30.50772292521683,0.03239580608202914
0.04150133212315801,0.0013350312366355978,0.15288542721697282,140.13228396543587,38.41561513781441,0.004801565389136359
0.03148601326741803,0.010623107785115278,0.4072024325550502,111.93086286644385,41.356157879263776,0.03761538495762417
0.0466830087267302,0.02376321157773418,0.40816371077337116,77.6677655904215,6.061165835737683,0.03644123339006773
9.654491480897699e-05,0.008437201695293734,0.47721875825633786,291.0100068667948,48.97466872706923,0.030307302903411444
0.02657290049008791,0.030709690211333587,0.08318599033096531,275.56697969777855,41.02030321621324,0.04518338525480322
0.0380964233268547,0.005611234463659909,0.49596318165549097,88.88242229640719,23.90219501410992,0.008830716601971461
0.03153170867704303,0.018192808445520042,0.060127974743053175,275.5512811408514,11.24215119908947,0.031748793417287195
0.04226052941839838,0.01738158143671803,0.1122293004183342,192.63125840276476,39.69510755124069,0.03588094530264171
0.02215251482356978,0.03067594394050127,0.23611419487622975,92.95141927990647,24.67590338402319,0.028548492257414567
0.04518810749221568,0.038498090931507946,0.46542130913028923,166.90625507230158,38.93205774494349,0.019049119144876434
0.004876959328408276,0.004186234273710477,0.35280218223608417,151.4970259428652,45.21431678393354,0.0027240589148250006
0.012147652062713388,0.007264918876029264,0.34071788956277427,63.206871935941024,49.46380032298196,0.033721431761727316
0.046092739228024204,0.005993259169702065,0.37358747339721293,114.00292218952386,21.470038171880525,0.004589864967468382
0.017206909149447957,0.03305768794968887,0.4776743958113552,288.81090248004,8.257530747225914,0.02197707089737326
0.026712835424721183,0.03014463650994912,0.3835414317058667,252.70697208597,35.06905860572407,0.013096287453054689
0.022201725104848663,0.02458520359719058,0.23183253797913028,157.0644276097624,9.992236438182262,0.019230440673687777
0.04116784205069335,0.020335331067974128,0.19336210080390448,88.17121337206254,25.582092145477194,0.010952424857712985
0.013067008911085466,0.010512501333911945,0.15974689340487608,138.04252799990968,24.043029491663376,0.024921017185985057
0.0020022524222063965,0.022471090086889224,0.4382967152711782,157.03782591822204,46.49840647411545,0.028723484541894426
0.01886005154264997,0.04667802039544072,0.3527610519000826,291.07660961811416,27.67408198576724,0.008589444328297325
0.035446776145054586,0.013735149883440252,0.08944916705144693,297.04559977252103,28.961803947579668,0.0028853261391579956
0.008856829834754781,0.03994232081644043,0.33250594318459126,175.75025879411874,21.602904526704066,0.003626207560875161
0.029176107750159875,0.03606204854458935,0.16033468152657693,252.46257385323844,34.06919478664948,0.04009132491747167
0.03274591492462627,0.0006886951944558295,0.12379309388694994,65.38165246711368,15.297004838501222,0.009416549126754482
0.009068836621326166,0.004566495547932254,0.2982799576010232,168.38499705848665,12.861428501034535,0.031807231925925404
0.02134715269501078,0.010575973494840735,0.25059112872669087,279.6678437386224,13.907010859599747,0.029629443103677336
0.03184368079613294,0.007863800536526728,0.3835708096323939,204.14303268480546,42.37320813809471,0.030722814633123364
0.007609608556633724,0.03336948177354223,0.10487734394861634,183.70900896874997,5.027659142388552,0.02839182693165911
0.017426032212813403,0.017004071081041024,0.06594984688307175,189.35728954349253,33.80806757109727,0.018716167925432854
0.03434796287445872,0.023997128421233922,0.3963685365421166,188.379368697014,15.900193911813327,0.04094378522541083
0.020858518373969393,0.03267934727601089,0.11914007008671455,249.92443793200007,29.107566741109892,0.045236190427845324
0.019884916927295833,0.01514632965875088,0.21440328745209997,246.09277961419792,10.515915338447712,0.03818441988533402
0.015539275474336523,0.01779019970818136,0.4633808541515226,149.71852865884964,9.155392617931243,0.0012928833055300404
0.00844914953688109,0.048904331551374025,0.44976199339844697,195.32593713341114,32.329052677362654,0.010010419093859448
0.017290114394780186,0.014621542244005732,0.17483061876897316,290.67001175086386,24.539032967977924,0.021219708298977166
0.04984305717036994,0.024881329791125603,0.19391952585155964,290.40678647589675,21.245345291389686,0.03026778349288832
0.03325681283291226,0.018350676471591533,0.2626001706217729,281.8616037048878,29.099808635663777,0.04810284419393532
0.03299727341709439,0.042362746463690704,0.44911974931364784,125.43825786229027,34.71721196767413,0.031132592231124936
0.025914270716156557,0.022975975142598887,0.122459768526092,240.46962695946536,40.77464446840531,0.0029736432135200443
0.006062433114023136,0.037302377612554984,0.2197538107401053,288.73999612007344,40.41920763344794,0.03803611042039698
0.021954535405706743,0.04131400890269752,0.25364925044507164,203.55309791582235,35.71778880248377,0.03440304010766229
0.047055124111141655,0.016442594918556996,0.17222552365446556,229.78875018578222,13.821495636217097,0.030832017558448267
0.038758072325822096,0.01245061743412272,0.1343974525396997,256.3061708329242,15.455842300712082,0.013820538577713821
0.01723037104539183,0.035606125578255036,0.30077080356015956,193.2946161799427,21.648231889351592,0.023159632256705438
0.024321408256545354,0.010136840658285535,0.139785814168446,270.9398713685283,35.18633020638927,0.03520352180582098
0.03533540563814193,0.005483274658882787,0.36920492409580336,53.25049312729103,10.565459563524033,0.006364580661703945
0.006896195949077905,0.014998970774739323,0.2780743246617636,281.89154130101247,38.73742009722608,0.0009537845586983451
0.023340151758645112,0.016513104502022032,0.07576808531269981,183.36661231061186,37.61471528857183,0.0022746240694517528
0.018807976426497577,0.038744033506525284,0.3236009623671866,120.95205714441477,42.038511146277145,0.03940192920475001
0.01901855422393823,0.038197524043726144,0.32656207946025817,236.94981150418934,11.445630619073611,0.02199117387851209
0.009216719412838165,0.04306139404925208,0.13081119678713807,109.74749579308661,7.725878293351878,0.010942879177543996
0.015722888719078603,0.02356637804706664,0.1264674536191905,114.09532428603553,12.686662422395944,0.016088076025114917
0.004069754213134458,0.020850745394724438,0.4136002322447456,262.797768721108,38.681415696777286,0.013825535613440222
0.0347945856796519,0.04451347370952466,0.13147833526835964,174.50680839085845,33.9474213172386,0.012317177790198931
0.015040839330502648,0.033865587368930805,0.19591876263076374,157.89427360903053,44.411160540051085,0.0381709217741341
0.04504534389453573,0.004716956828950136,0.4263799232914475,91.32214428255429,6.777353233716473,0.005357910023526008
0.029177005507033196,0.017542903710620793,0.2583838978304476,189.39107006351634,11.447124570244524,0.04447359148082036
0.01582742782623611,0.03226754930424069,0.2340500476501634,149.66805286928917,49.15175035334999,0.03378619543221805
0.04314727557882617,0.0390651696997403,0.3702814999848863,54.109220976584865,33.00697809483386,0.005758991137608471
0.024508965316732842,0.03449685168742118,0.051544710675835506,131.87925079771927,41.41441358349723,0.001463714950635392
0.03456700761684504,0.04029952666176556,0.17008343310694587,97.02072008376263,10.108115215411582,0.028041613306244263
0.01325082794769572,0.01934480133625398,0.38116479309221657,291.0709320730657,41.671718851153145,0.020538616758250822
0.016568227134177382,0.013411475311463,0.46624342918042794,270.6140493245696,25.81422125841742,0.022001626486006422
0.022424187749615868,0.04061073419507619,0.37459537934894765,278.36237644368816,25.929449401238113,0.0465925876052666
0.0440827542405243,0.04505440981545738,0.49971085613220306,105.22840785717949,25.123868081523938,0.023336144888315827
0.021979262007741054,0.04389667998516646,0.24019182587384041,87.37083920234663,20.97132875855076,0.03598981265735256
0.0028731938475815345,0.04733110046374202,0.2554058338037235,299.1684565434211,12.29356516007552,0.01790550964195476
0.00574442105104957,0.027699350800915568,0.2697078595041872,53.896199524805134,37.34504179834365,0.020096923103098754
0.02292343778708742,0.008122021139311859,0.3645563335736102,176.70250173368535,47.00057532705688,0.00530726244922144
0.0069298777011711395,0.028118326477192254,0.4105264991012285,227.34371523120558,10.611489377216827,0.03969609510912838
0.020179967329178795,0.047507557571480556,0.30662071271586755,237.58394996240017,25.250566789694425,0.0270891611747726
0.03208634379530545,0.02732558312068044,0.4318094038572984,153.42484043972104,9.126739784053553,0.0313590144275905
0.03281224766128633,0.03727061677048064,0.1648552265384954,105.77615020715326,42.84741497324495,0.04836930173726681
0.00033177683603590196,0.044829276660215175,0.17038089150920094,262.6487009296502,45.63694333210278,0.02327150259734851
0.04800153206892181,0.04386136489886271,0.1157579829254735,190.22975771404757,43.392845492674425,0.012571488078498684
0.01160422291023764,0.015392765611889776,0.16409980255941187,259.2698381270418,25.076607038849115,0.014935675360699681
0.010891299626957602,0.023598116759536644,0.4113631405667607,104.96697058342906,29.029080511389736,0.008338529549252167
0.03575652323713537,0.027801671839484784,0.31077435601654085,185.16421609210948,48.38474810249474,0.009495071562626974
0.0005865830271164552,0.03144528808526514,0.4187850814888618,134.2635078420898,42.358377365562916,0.04587564210344557
0.004222169910163542,0.0499230238881575,0.2525676320487548,217.50816142510465,38.445860711962546,0.005068773400761745
0.0373232042582937,0.004118400466351274,0.14380083254347475,73.21272853449452,6.51668838177795,0.004647495864108469
0.04536397616938956,0.01001696943360702,0.18548174491456465,129.30926656700933,9.257380582335736,0.03271608817747884
0.020992737057587627,0.035377378845144934,0.486073865858791,191.66331392495312,45.95575999104533,0.02121190334752267
0.04246112469770426,0.01394108380624014,0.329344753279962,265.370223836104,47.97022560459459,0.023605099002524884
0.03308280384255546,0.0024775859500973775,0.3791013018918408,86.1170323860216,19.67209325543726,0.023685050349603415
0.0034961735510615323,0.026240811996967112,0.39070519024041894,177.39945287497275,38.584014892365445,0.034587287309715366
0.043417852604436785,0.026308306383460184,0.09758996568521466,225.33739393087,7.1316876877091895,0.03752156204487942
0.024804466769775747,0.02917052699469267,0.4305690482894945,199.22453991225845,24.29822246043421,0.03596543443647371
0.02495329280572699,0.00587040984070914,0.15391661850110894,187.23405546050253,31.513235955981965,0.04010750727591561
0.04425068930881664,0.0005957053996920036,0.31789954826247824,243.78377906134804,40.57268414511619,0.04869682359079526
0.004669019195815138,0.013706640460027016,0.24338929939567877,261.11234532281765,23.416625014340532,0.02796792345944968
0.003705233534179281,0.04148299813817995,0.21371902268570414,273.4165262550778,7.053236231209874,0.02678845515941385
0.040676637904905645,0.015524863427980658,0.1020639592757873,185.9603125565474,17.51394419422742,0.008918998853865134
0.035093056171277275,0.021289651257416588,0.23665006560907653,80.20122565333061,34.30481826724456,0.023912069562898753
0.03389647172005672,0.02680848975891699,0.1762526201041401,214.30114266769917,16.70317519764069,0.04430941871677582
0.030514742033668663,0.020990368801591552,0.0846661769532503,144.2489506806789,12.716918986125307,0.04056354659562416
0.021323008443365515,0.034770917318661304,0.17338494089859405,234.59404384986908,24.455970800785217,0.03996993155451047
0.038766992649735335,0.005058138438947102,0.2809919305780526,185.0747007117439,44.59092179425103,0.04255255044355404
0.006159918051823948,0.025199629494472804,0.3213818770903688,177.64541371072266,21.160011542482337,0.008444166985040974
0.04090394627894022,0.006372802523342148,0.26346742573304305,238.28121664052654,7.479133088477307,0.031228752280258995
0.011151307655209376,0.01159007909466267,0.3721934161120259,239.30899910243872,30.1734589360722,0.037755651912454585
0.011704644047264913,0.04496923867756025,0.052902780592500816,191.57742332856947,41.62403398368616,0.028543953527361846
0.010840937132531326,0.03104403008063511,0.26629798131404553,249.97198547422187,37.85010221566084,0.01918089841080664
0.020907001105400492,0.016891450627982585,0.2255835193138967,68.4017291670398,35.77270205710016,0.023068792196020007
0.046161547929906344,0.04826139993514418,0.1804486131792804,154.7965892804686,34.714189314254426,0.02113959451710863
0.02625310969783448,0.00885623201028914,0.31603777962300883,53.68712869985008,19.049446720953213,0.03630745456535075
0.004869970191915918,5.1249516873785875e-05,0.48850632334718247,96.65128672424362,7.908098604935768,0.005752486120518547
0.0342357538530819,0.03891473103605418,0.34106845156117854,110.72157792120345,31.136575595514365,0.028204964519196535
0.035777442386077184,0.007194834663197203,0.4553092922651592,250.53036999691622,32.59316657901735,0.015601640825423264
0.010632651933406047,0.02943144779607324,0.18725962868611762,182.63085377167624,10.53340178023215,0.03859181364006388
0.03447556058784989,0.0406729818916703,0.1332276970648807,255.1853618931173,32.04590637723363,0.0370560001949516
0.0037629802907134025,0.032344229919722876,0.2419925649191958,209.33877206187998,42.4892326095345,0.008836103188681915
0.0490876343736861,0.04893734561105092,0.16150424326166954,119.4008227250062,32.14163420705997,0.012264311110142902
0.026813438446269183,0.02674286858084309,0.32040112243053376,111.34622672230037,48.77505904704483,0.02950409075578452
0.04570804526869936,0.006552940637560123,0.2829496314158879,189.40079003267124,34.06259839163719,0.006275658566685555
0.011678405024851068,0.02464254996210759,0.3274458151127393,67.90334917054126,25.132020109425273,0.025721617965173766
0.010711737779001196,0.04577573201346369,0.16406203192198476,175.65982259366015,41.30328422997814,0.01899054698646085
0.02361239229663439,0.035166443902746904,0.37599514969321035,161.3724875823142,29.878753943094576,0.0368301920969742
0.025905309427646173,0.03721568778675773,0.08654037570113103,223.27598563396063,37.62885097027902,0.007958120675159098
0.019160804021398515,0.039670433034853014,0.09686642097565781,249.37666946795304,24.12097240806348,0.03755618137551326
0.022432996543561956,0.03939392174159967,0.06863435429547349,220.27025079850446,44.4217630452787,0.027475751123223625
0.03635915521441145,0.020341689922537487,0.4176401856684121,146.6424695094559,7.414241649637052,0.01627797858780552
0.0023185422173221506,0.03643529009118494,0.18233233409305116,233.06280071769024,43.219395677769214,0.015467392679783427
0.008012547703103801,0.03139717608785874,0.23202617785625462,279.24095647381944,20.18910101876326,0.04816066463639687
0.041602238912761144,0.03050099500800962,0.40860138970742677,298.1769983535842,13.275966904931506,0.04712035720094224
0.0200982399693289,0.006336610007284866,0.12530097352245595,97.40357275489454,10.439176806147083,0.007665338517133752
0.0007241741584643413,0.025139307480562048,0.40354220826538356,101.91110903858328,36.763682654557726,0.042649442164210634
0.011589541750560995,0.004793853925697145,0.06203877309289083,75.53465496719775,24.717907437909624,0.006348012620220684
0.011682017661355277,0.021369752607908854,0.39533273588422313,89.4161562784579,39.27308140657896,0.024857429160697025
0.012856537432776228,0.01610125629635259,0.21267851160955947,164.310637229963,9.929292394233297,0.007621266940050254
0.010320750072312136,0.010424254773691978,0.23842235810080542,175.7904441386492,13.310429213428963,0.007400173402722016
0.036967915222527105,0.001070619331368894,0.09991994643031986,83.78441284743607,47.600329014153104,0.0362655567438391
0.005743474415783473,0.013613048827129515,0.3535174447651215,53.26777446753665,44.51321791715806,0.016024171956440375
0.04315917940166223,0.009804305135829595,0.41111966088993074,253.71965478128897,15.782454265934065,0.00577812044174238
0.04369368276942254,0.03741059647671516,0.19583578895571585,103.38334457773209,38.297378058831335,0.03465332095355932
0.012962296748984992,0.0385808919584063,0.16199198607328436,59.6495951029402,45.53613988194087,0.037750585761387775
0.032675965185307125,0.018582330934728997,0.22031547617748232,182.16448218353264,14.54668669534445,0.028510045816284496
0.020841893438786938,0.0007708647990588013,0.09327550558934812,67.57987435024714,19.165184094640285,0.0050978663820701875
0.007446709962508386,0.03901566844952582,0.3511017167757886,94.59829422140379,36.91531250539893,0.024808531557242726
0.042929179301484516,0.04609762697632663,0.2459389268528353,253.43629482005196,15.37504823381466,0.04405281576125378
0.022924683190342566,0.004240752553351191,0.22572215528887768,126.77933937047166,25.992612919011798,0.010408901056712272
0.019098651082933522,0.049869990307586765,0.35511762671289415,56.337507423599234,33.92946979241694,0.010996498619574052
0.032382321660408074,0.03351940778598872,0.29552659138887727,169.3924877433949,11.9313534693222,0.02781573290632442
0.03545563416292055,0.034132622553151706,0.1009614860305407,296.1473249971485,14.362892991198363,0.04254909136798438
0.016495009067813583,0.005535325296884919,0.24321273713334923,58.896266138054806,15.694656411735975,0.010087662059811648
0.03012118522836606,0.012339481469602016,0.3503839745956013,136.23768284306675,45.32386862839418,0.014978730645836148
0.006954320347111043,0.005613275107563626,0.20329112339332955,257.5132838062817,44.45351209201544,0.02433554394499094
0.02685749859341287,0.021359428092719363,0.14127829495466945,268.43898524912726,31.983269106231408,0.02485760626960435
0.01975420835929555,0.03735797163448178,0.09860090851103301,249.2061206670321,33.29339136911642,0.04255495032897797
0.04813764286100466,0.035389451972746226,0.3562917627993786,274.97079643235963,11.880367613988113,0.03607263768861701
0.02366386284488374,0.03501002138711898,0.1518252798928793,273.55744732218477,25.450560071193173,0.00392947627656865
0.01680046250398152,0.009760735629961288,0.47594709955771985,266.4166673537819,15.404437392520082,0.01050629004452412
0.04029829580237401,0.008778800267336517,0.09924601573177236,290.4894801074548,19.207984454047676,0.04884619505382902
0.015808920472513765,0.030073454893457936,0.2524406207367568,281.6532454793429,24.399546324157978,0.044831304452894266
0.006593917129322047,0.04575474450590882,0.4183021662185291,53.810783777923625,47.355033643014394,0.029515768188361786
0.02529343365279148,0.010430760649985705,0.18770216105049342,264.60347952342704,38.11865139422535,0.0304803431030842
0.020105926452200603,0.026318581731332988,0.3559595033450872,230.4758601412331,32.79868256912063,0.013764614181832825
0.027069185507982735,0.0015203804976862856,0.3612306174827573,238.0583849856828,37.43923599358873,0.01832437167831037
0.0032307663390949816,0.04754181043718489,0.2358394395700073,298.0326579333107,7.2002669013195195,0.019638783128864558
0.0205533799178259,0.005703661283356826,0.09985908866926849,137.72918430104966,39.14650691208379,0.032337881256267985
0.032871468326932295,0.039154023468987637,0.3033406349242759,186.49613337386276,27.7689629045218,0.02048205042053919
0.01301703156270711,0.029845085247186987,0.3952029518058295,190.87476273739338,29.78683520286936,0.012239843013476399
0.04935862874784111,0.006590861617065125,0.4851801215867909,250.37905637441648,35.88567789667259,0.04788034827349219
0.005322415525355568,0.023874540071991426,0.397739887006848,214.14342221537663,40.43928856553693,0.03405356841376438
0.00035308190702768586,0.028703294898100296,0.22709461314153723,243.00974567893127,16.729270943594713,0.028140685882373874
0.03192548499891743,0.026802975381128538,0.153611816067242,61.15489826431962,20.01630375296393,0.02369299527532927
0.010059958089269794,0.040986872769641844,0.22064383547695754,96.3656998473894,5.622540369607683,0.0206977038040432
0.031146795246216705,0.009636947630848582,0.4255053535783014,202.7822592700867,9.822037463506778,0.003512565617232466
0.03826564143298722,0.01816450768904403,0.32369892995694965,157.59191483555725,15.034479328303107,0.007770099497260336
0.030913393284789627,0.02661415352396476,0.1696651742046989,145.07374782565591,19.66876057498646,0.02732424825598568
0.011046892315616758,0.0033184886506406833,0.1277837884304056,117.29114848183826,39.78376025893044,0.032268263985206214
0.011548184281984614,0.019075130530236125,0.20141677218052095,257.1232400599143,7.994175680040005,0.02576128846864466
0.006430933261322519,0.04986939753494971,0.44481864634366897,149.38111051474874,11.21000210275486,0.03757292501464796
0.037113530522087816,0.01310640687999014,0.2099481916714011,274.07495935293963,12.86568383087197,0.006641312117989906
0.006096490030543972,0.026704747154978864,0.37059278859715916,93.59072563060951,26.086009640908046,0.01566782911200656
0.04315537891006194,0.017315052248437057,0.10874721505212853,189.9022162455565,8.307861298110264,0.0025224736800872616
0.007584496955283216,0.01600543359570022,0.15936675619189627,253.16545298495086,18.016319042427092,0.040275951160304316
0.030094876703760282,0.03836503495327934,0.34467730846389805,173.6011991253073,34.57986537822884,0.02427971735688866
0.045532390629786694,0.033517773188924675,0.396797555150435,140.17407363016667,9.356729978509303,0.010174983589601018
0.013267812517132983,0.01830374971802216,0.14245054965805792,110.11175470364125,6.242220270986518,0.04015556207531496
0.0037488560202396885,0.047634593395599834,0.07120330232574901,188.02109572383813,30.11567815127941,0.04445313453536329
0.03753887599244221,0.022380395847020187,0.23206796724651602,103.78690571757423,37.8398527440896,0.007195793069119627
0.027501827902030086,0.006217947513520461,0.44934767703993483,113.02835877610158,22.275285270942042,0.00655411490795323
0.021240194543965335,0.017835671693843588,0.2085241277768487,207.91834964029317,17.93118838031822,0.04440870419927601
0.02930776838211259,0.020223139317265295,0.4755675497833803,107.4792587499881,16.351933404983527,0.01029648161792306
0.04834874619492725,0.009463747845306986,0.08288141713599753,164.1614870094665,20.19242753785499,0.01667285294694167
0.020904008265227977,0.046988621326456904,0.36003228082593575,150.40033665569567,9.959115716791437,0.013652918865227688
0.029050927468453627,0.0015412980885976648,0.08422482205571999,266.537907893322,44.996753767642225,0.035257723229813576
0.0373647305177146,0.025930377025991082,0.08532341268058591,292.8392370105827,29.015422607854774,0.01630865900880998
0.005704733687045816,0.020470647491021416,0.12267960005824141,277.96223199573075,15.905474394699052,0.00197996630998597
0.035659467718560704,0.009999307593440776,0.31002746558033206,150.33980038400688,42.160969478755575,0.048195873437771763
0.026145640706403257,0.017728156485573212,0.43823387850742296,89.57156776798945,22.945765346151056,0.02010161447049906
0.03421906043819843,0.020444369673606685,0.3106396949988629,163.33147037864688,45.45278838792166,0.03887795624616444
0.018673302004581938,0.03676708989517596,0.3357726977535556,299.9935381890666,14.080814148007738,0.013478950263258283
0.02060478419858787,0.04963298712474816,0.07791470857940128,272.26532692898627,44.67806989617931,0.004284059566998111
0.04456213557858322,0.0058312803075249555,0.25344984253606523,142.46829519170865,47.92012600641322,0.01956917905838633
0.03147080072144169,0.011326644501429667,0.48727826380507827,131.11198074833936,39.35862718337237,0.015053067731754395
0.022331685039300095,0.04331233041479675,0.17237914800471746,299.6037746215947,48.34684104835268,0.02294265215091837
0.042112027359668916,0.007386410249325149,0.19206006496478195,77.9833662004867,5.8865843699449325,0.04242679805236227
0.036064301227045396,0.009729170239845165,0.47781439905325174,103.29399429094236,37.3698489687143,0.026520983681123406
0.017247275272222414,0.04151772356027658,0.10679397073028171,88.50889419560319,47.41281269225596,0.037208622511351194
0.035439361025330324,0.022629041089117598,0.3637871974928656,271.1580517019886,25.203070183332276,0.043401929263121725
0.04964365159842557,0.015009506093348874,0.08167810115101226,126.69721692310245,36.134223555267766,0.03832089273058631
0.008716863472854608,0.04382695369530167,0.48041119875015764,191.7972667353491,18.84176851661122,0.013442877727052278
0.007630034403566671,0.04468719438521188,0.3650569650328338,100.41230178069966,41.27250295020246,0.014373960095638566
0.023630360360281717,0.03538549660531338,0.38410406100349653,141.25697542001473,14.45353136689808,0.029563024988450804
0.012355429303668031,0.03876023737288777,0.15152788439613163,206.95477837080728,24.525045007712038,0.0027366009931326265
0.015833988036152897,0.04771425937261751,0.33470456748157307,149.11034498254946,49.5361928632674,0.038658173542177585
0.042068676076089925,0.03297403543613824,0.19757642248321022,186.22942749278738,38.313779876824896,0.006928613925730454
0.0073101696717435445,0.010583988847923144,0.15681552525463877,67.51014220986835,39.49256079484963,0.026593839724340297
0.02091012186812475,0.02847643782147452,0.287110333760711,120.27546946433155,12.174161173919986,0.018024780449246075
0.049428569181051596,0.03893562809245351,0.3502385012925233,212.56375602568502,18.318548391555325,0.032445580721220064
0.010761598541751622,0.003136109900715395,0.2594902131929097,200.18944147518616,41.165839410580986,0.028012274907289705
0.03390182322992038,0.015957685859149397,0.3943762580810311,82.5833768195348,10.529428408876928,0.028318019740375157
0.002275042306747216,0.008265678421371658,0.06892639043388792,194.69685435658968,18.909451672497873,0.020596228642402264
0.017889540121537706,0.0032407670414201953,0.15232545064410508,99.57800642370015,41.13636375916243,0.007492029878816387
0.02260996313398196,0.032387265537981005,0.22633561396374025,294.81290619954046,18.071722214287078,0.006288489462425374
0.04839779631502025,0.029371289840007715,0.18167526596928413,180.79558465774977,42.92350558031555,0.014057132125424128
0.022949789826470127,0.025674961316454192,0.15519833105686015,188.98904495500008,39.65472084157361,0.027184594425202255
0.0228330681279236,0.006297726917843527,0.1587545579288492,230.8197350235698,29.729358599020703,0.023575993667109912
0.03868323937584593,0.035630685988993153,0.47398167487979104,64.64063026434955,36.60800581718577,0.006515701579554761
0.03820065508650525,0.04578424691795522,0.09692566967985733,155.49710477874385,24.140892905562403,0.013216073559019643
0.04649148681086476,0.00381858834838138,0.09174983770074695,270.2323130655751,8.967529714169553,0.0481985190210496
0.030902503153360617,0.00790364160238537,0.05157275959847873,167.97019940408683,28.249247118491212,0.014792207564844968
0.03641081937762632,0.01895729527315289,0.20940633812189546,197.46508515185985,19.107188444638773,0.010953591325366597
0.023788200028094675,0.03468918171432959,0.49161636243203344,248.02903946019967,46.410254689200706,0.021825868522374555
0.024172775724517304,0.0171872297384425,0.09286553538155043,287.20523143930404,34.435731425194945,0.041654144370731526
0.005928861736794861,0.024501186467885162,0.3509269963721153,276.2826273701122,48.10734797268956,0.011697207338454219
0.0402573074822315,0.02389065214624272,0.2771904678928674,281.72773554652696,44.059830364908116,0.014897095854293258
0.01594759550885939,0.03476316907554883,0.42995717743678685,81.69033220797346,27.53560281623676,0.020578163755386698
0.03283184285965143,0.04324637773264337,0.4819909922838692,225.52432432572192,31.739827685860558,0.0007967130613593776
0.014193696194619482,0.04060614950834228,0.1781974156897982,62.79721817486268,5.716919490682138,0.04797351975450334
0.02182570164389946,0.0386471841739334,0.43092208810511196,230.08810368184405,35.66190855159935,0.0028533760844580095
0.022213088058524323,0.03073081004989981,0.32062847305467074,237.25403723380452,7.988828909363734,0.045381968585796274
0.007033775906653456,0.021873631686016883,0.2678574321279473,125.25140859116625,9.21149646198052,0.023470965479627473
0.022313881444164574,0.035579348798631415,0.4081162124001296,216.17962647971945,20.89378765709616,0.04633517103824395
0.027386198185898804,0.02061651750312428,0.35778619251916827,136.56801403639625,49.10806443244725,0.03590275861550587
0.02991975207916869,0.02717385153498992,0.46898255733259403,122.46869561399427,28.247997772549436,0.044892201065463044
0.04569673017144821,0.03222746533722497,0.3789673779834681,102.9458491304936,41.23075983138622,0.018035678951883443
0.012908052608713355,0.03196087134018719,0.3088176875709192,80.75306613521906,9.765887529468849,0.04305946315040843
0.01586271985380584,0.009548947735606984,0.11105935603937661,280.27559164941056,28.875239262276992,0.003300560063445585
0.014874490465424068,0.04475558007088409,0.37294634614782823,188.77627676922287,39.300507358076025,0.002224553153609105
0.044560629418354675,0.0055584131056467595,0.3504125781198665,295.9829399999169,34.42019555603251,0.0210369436017821
0.04443276378225483,0.040576243930624284,0.4395507686701058,180.4723572976043,15.764432097934431,0.02496014201199111
0.005844861898667142,0.04516956252415508,0.17919421252953066,186.74059384128512,40.01448856582391,0.006744218477820119
0.03184078435919637,0.009434285039035845,0.15781168238659155,190.36460587777398,32.517181909822256,0.012041130770365893
0.009072639872720356,0.027471756167013042,0.46070836703828366,269.7380107548749,16.44992779776937,0.03412842899962638
0.005707823608217844,0.049885904809130056,0.2144164267089272,134.4964868459159,30.456978204855147,0.0029464293045636638
0.020730368103306307,0.01655865543630899,0.39173193783199617,111.80205668121883,13.401014059381874,0.02255416154851474
0.02741804447484423,0.00923466001006853,0.2646923632046365,64.40333060026927,27.550523567674112,0.022423482225029143
0.025101266333544744,0.04112811721083795,0.4360344841941298,133.20965617692565,34.44531327347876,0.006521340825008104
0.015642777946919983,0.020761875352651823,0.1980505997828904,270.3682928156202,40.381891514949736,0.048497987498558826
0.030167971492966295,0.01948692961796953,0.1933881623550111,80.16390873511118,26.691126024224477,0.006583388020550335
0.032422087635480074,0.045871860070177614,0.39090315923347746,190.55959516093313,35.00186842273202,9.886578198036178e-05
0.009606778159946462,0.00823329752426063,0.3880041469280055,257.01233908344045,46.13294171335751,0.021400327441872587
0.04387680387847654,0.004375705171503991,0.4536757854902873,180.9444990172468,5.68518474466079,0.014701005237022524
0.0060352896083136435,0.003022700589021765,0.3799124269494824,294.2500114762412,26.75978932801608,0.02509671951596423
0.012053974686036235,0.001983705779912587,0.4467046332062885,207.85248677114583,30.64597700983572,0.0008073701397158018
0.045232969880592756,0.02538194369442633,0.46550786790371473,129.40088531714514,38.012703155718604,0.01553856431167165
0.025560943748533762,0.002011030521065094,0.09998620090832355,235.13912213419223,21.540595291022306,0.0017953908111254246
0.016960772363954376,0.03200953297664982,0.21805791053209134,137.18967034728308,45.587985407121046,0.015901864308658892
0.00031133237451524964,0.04366110027361936,0.4977908173597951,200.73837946856634,31.439449966059662,0.04178136383084385
0.009381030040155686,0.0015059542569648588,0.07296677068403862,275.19970411698375,15.507604215935299,0.04646864828944756
0.04576925082100305,0.042606791572095654,0.15910933797483004,186.06546126003084,42.31945987573699,0.018657959309876775
0.02740648534739437,0.01580746187969706,0.3174580633316092,157.34868679493167,6.523933643713642,0.03760063301006688
0.0046842556107180135,0.040839869956405976,0.16415908756026087,278.98360397230476,30.519575472472255,0.03842285016509977
0.03728036889360417,0.03158281503038763,0.30958859179589165,158.4140565292404,25.19205175029641,0.00019758633718516274
0.005035963420519102,0.015469150331611442,0.0992362799661906,194.36130669987148,25.737023670936043,0.042534131345830214
0.008365051740959513,0.04654585349221497,0.4745093082516063,121.31324764722538,31.064124886918712,0.02099809882967395
0.0007132707874575484,0.04280023580796802,0.45702044483209,147.17743363541769,34.270337919970046,0.006112933201596904
0.038044104287068045,0.038460587644916486,0.4300683329047569,141.88255186994343,11.48515441428821,0.04925494126256734
0.03683135388249685,0.04914851148454372,0.08477839135607151,90.94409857599751,49.735752900306466,0.003397035536618115
0.006231153737827683,0.046054735667637306,0.2810217097324013,64.22772712417952,25.31072738727019,0.014047004387637174
0.04447814921330977,0.041705823833268964,0.4718694880483428,168.57048706851836,19.304888189786112,0.007992330967434203
0.02403295798231332,0.04054151913845062,0.3353039821164019,76.86385022125032,45.15539475116049,0.03344112791945934
0.04608057068484584,0.026664684318808626,0.3431474294920106,110.18854848135197,42.025316422601016,0.006095826935608073
0.013428283127545416,0.0006086346017468658,0.10177172439467169,132.53976107699242,5.701610695003673,0.013145792070387208
0.02986495825562832,0.02335660931982951,0.3118127744394975,122.27058349840057,44.24424604091471,0.023965588757891156
0.034521878264378324,0.024034729102347843,0.4818135968622771,225.20652245035134,34.940641528869364,0.022025910092195018
0.038213407256903614,0.013463131419259295,0.4948938614903108,247.36900988178087,17.141275632994816,0.041950767115534804
0.046704439872005454,0.022830434565318615,0.3502695688830362,215.79740876948432,36.907888233883256,0.0014149099901828444
0.03709882682158688,0.017539411353363954,0.18889799983796413,165.78993027858166,36.49140413333991,0.016094602889357153
0.018833192121483346,0.02667486717035046,0.4937148431501238,221.9022177572934,30.062481757098706,0.04057988030734817
0.023034173121660503,0.01896042587812822,0.16581779842062852,199.5305260902608,39.8107347652902,0.04173989841361883
0.01579923278295218,0.0036265750105359098,0.4716480387509518,72.1257186088426,31.816523631695652,0.018348698121574244
0.011428004616273642,0.010578793039494595,0.3175651076394922,133.2666135014017,12.359797663658753,0.04450563811727022
0.035135785148343944,0.02887778363410763,0.27148842178393107,173.5427782285758,30.319934535059677,0.04856907683199741
0.0260038328130228,0.0020738546096160104,0.3234424396420058,152.92110111190595,16.37406482047062,0.043696636477332906
0.005740302849774188,0.020212597442070504,0.3923119205895408,201.06928689454637,10.702555328453357,0.0012881730765436916
0.025308587680300948,0.03871663865214724,0.17522115527897586,149.47489842963387,15.330231465941202,0.013552759434976532
0.04511501797190187,0.00424180755894113,0.08560475940330622,222.97550898832034,11.891524708005845,0.04365287758558095
0.0070594620765366935,0.042861046388814626,0.09297119596448897,137.5332705752995,14.282013800191962,0.025054474172198016
0.001093148503505026,0.0321082279450801,0.06706494889220814,233.30998261334807,10.12229776307787,0.030086249841864195
0.024769469482573237,0.03459880586247901,0.10612821742241776,164.76987497488167,45.841707481084455,0.03529920169586656
0.039990092145122225,0.04544201357098826,0.4773262206936029,114.1830820267085,30.35262112803193,0.015734523494282542
0.035357056034492816,0.015000329375407918,0.34048296592795124,113.37374891527683,41.56323417044941,0.021310202683970266
0.04196890046592379,0.0012108859070136203,0.457684409383142,106.43892605844434,29.40274924556561,0.026563949712836207
0.012591537099666856,0.0393596187280789,0.20847912303896016,202.69818939130718,32.71929477182397,0.03226617615118408
0.013531047106215494,0.014056525767203476,0.12708941183438213,154.43147163965654,32.00993361546673,0.009994334079539896
0.020838760928681855,0.03180910811437545,0.057440930679458484,244.52185908055196,32.90246273038362,0.0014909287751578406
0.014408767063289186,0.04717009209458292,0.16033742076804453,177.821960932114,46.82394361311218,0.014485042295330208
0.004356014258545149,0.03533493869086925,0.4157390772945053,242.31301526673755,27.397634129408672,0.0487824878827771
0.03506045736272837,0.019891054788165326,0.28335878677446136,146.63463129877087,8.591021918865712,0.011882925868030537
0.04320435521938902,0.007977040465240576,0.2199898908913715,295.50757038681263,6.1655972514310395,0.006697397289143642
0.007694353523404707,0.00010807135750917629,0.10632192714530506,221.8645686443342,42.46196093376188,0.028160390242279443
0.023322107881713572,0.015505649492476764,0.12292847304448729,96.75650890276938,22.535068226259664,0.026819356613838854
0.0020503232347717226,0.025286989280798824,0.17750634670054743,79.17773420731118,14.362384470276627,0.025540781630884038
0.01819778338615864,0.02641497694236715,0.34851360797258757,163.9591658402772,38.25670559208631,0.04832419373041107
0.047187109176734465,0.03276322562259997,0.38141141734794975,263.53590339760274,39.55912074084046,0.04589486863606634
0.025956364648943655,0.03284116774269872,0.24447036334180944,227.75390518795473,10.07590256765986,0.0012279733929007775
0.030638322137314496,0.008151539435204769,0.14938819951034443,151.3068184414091,13.539525402299658,0.02829153074824234
0.04768681377838172,0.003792605018890072,0.2825571678940751,214.81875195482462,37.470116637247635,0.032704868607419564
0.029120554729960203,0.025943848310175446,0.47583546710266084,101.80298362418684,16.932876638732512,0.02475441061103528
0.026760235060198728,0.02959915887200111,0.1897794195544873,70.29558000597181,21.821042483736424,0.025607624358299247
0.02371213007336816,0.03849700066762372,0.46309348843932635,61.26870579005201,33.15122416818781,0.01854646878211032
0.02870966392240078,0.047709604338018075,0.3406448798069669,285.67488011545106,28.256975553824258,0.008548160816713302
0.031163736654642754,0.038339362244615524,0.38506693977791917,143.02736613145024,34.60297095820798,0.008374780648307878
0.03578764894791073,0.03588044592405832,0.46564795717277163,265.8501059395909,11.814107159004696,0.002696381690593308
